{
	"condition": "minecraft:inverted",
	"term": {
		"condition": "minecraft:all_of",
		"terms": [
			{
				"condition": "minecraft:entity_properties",
				"entity": "this",
				"predicate": {
					"equipment": {
						"mainhand": {
							"items": [
								"minecraft:air"
							]
						}
					}
				}
			},
			{
				"condition": "minecraft:entity_properties",
				"entity": "this",
				"predicate": {
					"equipment": {
						"offhand": {
							"items": [
								"minecraft:air"
							]
						}
					}
				}
			}
		]
	}
}
